{
	"info": {
		"_postman_id": "e1ed312d-f250-4ef0-a5b4-23ce83bdd34f",
		"name": "TASK",
		"schema": "https://schema.getpostman.com/json/collection/v2.1.0/collection.json",
		"_exporter_id": "44654939",
		"_collection_link": "https://raquel-5222341.postman.co/workspace/Raquel's-Workspace~e5d4e21a-ca1f-43b6-8d69-89563fa9e1e5/collection/44654939-e1ed312d-f250-4ef0-a5b4-23ce83bdd34f?action=share&source=collection_link&creator=44654939"
	},
	"item": [
		{
			"name": "AllTask",
			"request": {
				"method": "GET",
				"header": [],
				"url": {
					"raw": "http://localhost:8081/daw-task/tarea",
					"protocol": "http",
					"host": [
						"localhost"
					],
					"port": "8081",
					"path": [
						"daw-task",
						"tarea"
					]
				}
			},
			"response": []
		},
		{
			"name": "BuscarTareaId",
			"request": {
				"method": "GET",
				"header": [],
				"url": {
					"raw": "http://localhost:8081/daw-task/tarea/1",
					"protocol": "http",
					"host": [
						"localhost"
					],
					"port": "8081",
					"path": [
						"daw-task",
						"tarea",
						"1"
					]
				}
			},
			"response": []
		},
		{
			"name": "CreateTask",
			"request": {
				"method": "POST",
				"header": [],
				"url": {
					"raw": "http://localhost:8081/daw-task/tarea/",
					"protocol": "http",
					"host": [
						"localhost"
					],
					"port": "8081",
					"path": [
						"daw-task",
						"tarea",
						""
					]
				}
			},
			"response": []
		},
		{
			"name": "ModificarTarea",
			"request": {
				"method": "PUT",
				"header": [],
				"url": {
					"raw": "http://localhost:8081/daw-task/tarea/1",
					"protocol": "http",
					"host": [
						"localhost"
					],
					"port": "8081",
					"path": [
						"daw-task",
						"tarea",
						"1"
					]
				}
			},
			"response": []
		},
		{
			"name": "BorrarTarea",
			"request": {
				"method": "DELETE",
				"header": [],
				"url": {
					"raw": "http://localhost:8081/daw-task/tarea/1",
					"protocol": "http",
					"host": [
						"localhost"
					],
					"port": "8081",
					"path": [
						"daw-task",
						"tarea",
						"1"
					]
				}
			},
			"response": []
		},
		{
			"name": "IniciarTarea",
			"request": {
				"method": "PUT",
				"header": [],
				"url": {
					"raw": "http://localhost:8081/daw-task/tarea/2/iniciar",
					"protocol": "http",
					"host": [
						"localhost"
					],
					"port": "8081",
					"path": [
						"daw-task",
						"tarea",
						"2",
						"iniciar"
					]
				}
			},
			"response": []
		},
		{
			"name": "CompletarTarea",
			"request": {
				"method": "PUT",
				"header": [],
				"url": {
					"raw": "http://localhost:8081/daw-task/tarea/2/completar",
					"protocol": "http",
					"host": [
						"localhost"
					],
					"port": "8081",
					"path": [
						"daw-task",
						"tarea",
						"2",
						"completar"
					]
				}
			},
			"response": []
		},
		{
			"name": "TareasPendientes",
			"protocolProfileBehavior": {
				"disableBodyPruning": true
			},
			"request": {
				"method": "GET",
				"header": [],
				"body": {
					"mode": "raw",
					"raw": ""
				},
				"url": {
					"raw": "http://localhost:8081/daw-task/tarea/pendientes",
					"protocol": "http",
					"host": [
						"localhost"
					],
					"port": "8081",
					"path": [
						"daw-task",
						"tarea",
						"pendientes"
					]
				}
			},
			"response": []
		},
		{
			"name": "TareasEnProgreso",
			"request": {
				"method": "GET",
				"header": [],
				"url": {
					"raw": "http://localhost:8081/daw-task/tarea/en-progreso",
					"protocol": "http",
					"host": [
						"localhost"
					],
					"port": "8081",
					"path": [
						"daw-task",
						"tarea",
						"en-progreso"
					]
				}
			},
			"response": []
		},
		{
			"name": "TareasCompletadas",
			"request": {
				"method": "GET",
				"header": [],
				"url": {
					"raw": "http://localhost:8081/daw-task/tarea/completadas",
					"protocol": "http",
					"host": [
						"localhost"
					],
					"port": "8081",
					"path": [
						"daw-task",
						"tarea",
						"completadas"
					]
				}
			},
			"response": []
		},
		{
			"name": "TareasVencidas",
			"request": {
				"method": "GET",
				"header": [],
				"url": {
					"raw": "http://localhost:8081/daw-task/tarea/vencidas",
					"protocol": "http",
					"host": [
						"localhost"
					],
					"port": "8081",
					"path": [
						"daw-task",
						"tarea",
						"vencidas"
					]
				}
			},
			"response": []
		},
		{
			"name": "TareasNoVencidas",
			"request": {
				"method": "GET",
				"header": [],
				"url": {
					"raw": "http://localhost:8081/daw-task/tarea/no-vencidas",
					"protocol": "http",
					"host": [
						"localhost"
					],
					"port": "8081",
					"path": [
						"daw-task",
						"tarea",
						"no-vencidas"
					]
				}
			},
			"response": []
		},
		{
			"name": "BuscarTitulo",
			"protocolProfileBehavior": {
				"disableBodyPruning": true
			},
			"request": {
				"method": "GET",
				"header": [],
				"body": {
					"mode": "raw",
					"raw": "",
					"options": {
						"raw": {
							"language": "json"
						}
					}
				},
				"url": {
					"raw": "http://localhost:8081/daw-task/tarea/titulo/comprar",
					"protocol": "http",
					"host": [
						"localhost"
					],
					"port": "8081",
					"path": [
						"daw-task",
						"tarea",
						"titulo",
						"comprar"
					]
				}
			},
			"response": []
		}
	]
}